Zip_Code,Forecasted_Growth
75070,0.8672637768984991
77494,1.1396238277268573
60614,1.6172814235147857
79936,2.1986935390239495
